repo,pr_number,pr_size_bucket,has_tests_changed,has_review_comments,total_bcr_findings,high_confidence_bcr_findings,distinct_rules_triggered,analyzed_at_utc
AngleSharp/AngleSharp,1148,Small,1,1,68,0,3,2026-04-15T15:31:12.3288795Z
AngleSharp/AngleSharp,1153,Small,1,1,0,0,0,2026-04-15T15:31:07.7973755Z
AngleSharp/AngleSharp,1159,Huge,1,1,1793,110,16,2026-04-15T15:31:11.4582401Z
AngleSharp/AngleSharp,1188,Medium,1,1,8,0,1,2026-04-15T15:31:05.9807545Z
AngleSharp/AngleSharp,1195,Tiny,1,1,0,0,0,2026-04-15T15:31:04.1329397Z
AngleSharp/AngleSharp,1203,Small,1,1,16,0,2,2026-04-15T15:31:02.9632330Z
AngleSharp/AngleSharp,1206,Small,1,1,55,6,6,2026-04-15T15:31:00.5949212Z
AngleSharp/AngleSharp,1246,Small,1,1,400,8,5,2026-04-15T15:30:57.1419492Z
App-vNext/Polly,1145,Large,1,1,324,64,8,2026-04-13T23:32:57.8677004Z
App-vNext/Polly,1522,Tiny,1,1,0,0,0,2026-04-13T23:32:56.2506244Z
App-vNext/Polly,2531,Large,1,1,9,0,1,2026-04-15T02:28:26.7491387Z
App-vNext/Polly,2830,Small,1,1,79,0,5,2026-04-15T02:28:27.5059018Z
App-vNext/Polly,2953,Tiny,1,1,0,0,0,2026-04-15T02:28:23.6021181Z
App-vNext/Polly,2957,Medium,1,1,22,0,2,2026-04-13T23:32:59.9746709Z
App-vNext/Polly,2985,Medium,1,1,107,16,6,2026-04-13T23:32:58.5365240Z
App-vNext/Polly,3017,Small,1,1,6,0,1,2026-04-15T15:21:57.1245570Z
App-vNext/Polly,3028,Tiny,1,1,0,0,0,2026-04-15T15:21:54.5705241Z
AvaloniaUI/Avalonia,20856,Small,1,1,12,0,3,2026-04-15T02:28:19.3183843Z
AvaloniaUI/Avalonia,20920,Small,1,1,38,0,5,2026-04-15T02:28:20.8855448Z
AvaloniaUI/Avalonia,20964,Small,1,1,12,0,1,2026-04-15T15:21:42.2349120Z
AvaloniaUI/Avalonia,21030,Medium,1,1,12,0,3,2026-04-15T15:21:43.5782244Z
AvaloniaUI/Avalonia,21044,Huge,0,1,55,9,7,2026-04-15T02:28:18.6228065Z
AvaloniaUI/Avalonia,21050,Tiny,0,1,0,0,0,2026-04-15T15:21:44.5140382Z
AvaloniaUI/Avalonia,21057,Medium,1,1,9,0,1,2026-04-15T02:28:22.0544074Z
AvaloniaUI/Avalonia,21076,Medium,1,1,20,0,2,2026-04-13T23:32:52.6699421Z
AvaloniaUI/Avalonia,21099,Tiny,0,1,8,0,1,2026-04-15T15:21:40.0627350Z
AvaloniaUI/Avalonia,21121,Tiny,1,1,6,0,1,2026-04-13T23:32:53.3576640Z
AvaloniaUI/Avalonia,21136,Tiny,0,1,56,0,4,2026-04-13T23:32:55.5301669Z
AvaloniaUI/Avalonia,21182,Tiny,0,1,37,36,2,2026-04-15T00:00:07.4765523Z
Azure/azure-sdk-for-net,52352,Tiny,0,1,0,0,0,2026-04-19T03:48:25.3561548Z
Azure/azure-sdk-for-net,52371,Large,0,1,22,2,7,2026-04-19T03:48:24.6431710Z
Azure/azure-sdk-for-net,52488,Tiny,0,1,14,0,5,2026-04-19T03:48:23.6840376Z
Azure/azure-sdk-for-net,56468,Large,0,1,1747,128,9,2026-04-13T23:33:04.7171153Z
Azure/azure-sdk-for-net,57223,Huge,0,1,40156,16611,13,2026-04-15T00:00:13.2013924Z
Azure/azure-sdk-for-net,57368,Large,1,1,53,0,5,2026-04-19T03:48:27.9586910Z
Azure/azure-sdk-for-net,57407,Tiny,0,1,0,0,0,2026-04-13T23:57:54.1029048Z
Azure/azure-sdk-for-net,57831,Tiny,1,1,20,0,2,2026-04-13T23:33:00.7159457Z
Azure/azure-sdk-for-net,57949,Large,1,1,565,0,5,2026-04-14T12:03:02.5744789Z
Azure/azure-sdk-for-net,58068,Medium,1,1,46,12,6,2026-04-16T11:25:24.2999060Z
Azure/azure-sdk-for-net,58082,Small,1,1,31,5,5,2026-04-15T21:34:04.5196980Z
Azure/azure-sdk-for-net,58095,Small,1,1,41,0,3,2026-04-15T00:00:15.8477401Z
Azure/azure-sdk-for-net,58126,Small,0,1,80,56,2,2026-04-15T15:22:10.5404096Z
Azure/azure-sdk-for-net,58128,Medium,1,1,40,0,1,2026-04-15T15:22:03.7015242Z
Azure/azure-sdk-for-net,58141,Tiny,0,1,0,0,0,2026-04-15T15:22:07.4929593Z
Azure/azure-sdk-for-net,58153,Medium,1,1,22,0,2,2026-04-16T11:25:25.0290779Z
Azure/azure-sdk-for-net,58158,Medium,1,1,23,14,2,2026-04-15T02:28:28.3138787Z
Azure/azure-sdk-for-net,58314,Large,1,1,59,47,8,2026-04-19T03:48:26.4189166Z
AzureAD/azure-activedirectory-identitymodel-extensions-for-dotnet,2377,Small,1,1,626,498,6,2026-04-13T23:33:08.6273299Z
AzureAD/azure-activedirectory-identitymodel-extensions-for-dotnet,2804,Small,1,1,370,245,8,2026-04-15T02:28:37.0524408Z
AzureAD/azure-activedirectory-identitymodel-extensions-for-dotnet,3220,Medium,0,1,33,0,3,2026-04-15T02:28:38.5307554Z
AzureAD/azure-activedirectory-identitymodel-extensions-for-dotnet,3287,Large,1,1,24,14,3,2026-04-15T02:28:33.3845446Z
AzureAD/azure-activedirectory-identitymodel-extensions-for-dotnet,3316,Small,1,1,26,0,4,2026-04-15T02:28:34.2958844Z
AzureAD/azure-activedirectory-identitymodel-extensions-for-dotnet,3341,Small,1,1,10,0,2,2026-04-15T02:28:35.3604178Z
AzureAD/azure-activedirectory-identitymodel-extensions-for-dotnet,3356,Tiny,0,1,0,0,0,2026-04-15T15:22:21.3504667Z
AzureAD/azure-activedirectory-identitymodel-extensions-for-dotnet,3358,Medium,1,1,26,0,2,2026-04-15T15:22:19.9174531Z
AzureAD/azure-activedirectory-identitymodel-extensions-for-dotnet,3399,Large,1,1,40,0,3,2026-04-13T23:33:05.9665241Z
AzureAD/azure-activedirectory-identitymodel-extensions-for-dotnet,3401,Small,1,1,144,0,5,2026-04-13T23:33:09.3173760Z
AzureAD/azure-activedirectory-identitymodel-extensions-for-dotnet,3409,Small,1,1,8,0,1,2026-04-15T15:22:15.5288312Z
AzureAD/azure-activedirectory-identitymodel-extensions-for-dotnet,3410,Large,1,1,567,152,9,2026-04-13T23:33:07.7257868Z
AzureAD/azure-activedirectory-identitymodel-extensions-for-dotnet,3423,Small,0,1,44,0,4,2026-04-13T23:33:06.7491464Z
AzureAD/azure-activedirectory-identitymodel-extensions-for-dotnet,3430,Small,1,1,7,0,1,2026-04-15T15:22:13.2248978Z
ClosedXML/ClosedXML,1284,Medium,0,1,94,8,7,2026-04-15T15:31:24.8393925Z
ClosedXML/ClosedXML,1417,Large,1,1,622,48,7,2026-04-15T15:31:14.8033875Z
ClosedXML/ClosedXML,1649,Medium,1,1,182,64,9,2026-04-15T15:31:21.9591673Z
ClosedXML/ClosedXML,2044,Medium,1,1,29,0,3,2026-04-15T15:31:27.7277955Z
ClosedXML/ClosedXML,2093,Large,1,1,780,352,12,2026-04-15T15:31:26.3652639Z
ClosedXML/ClosedXML,2284,Small,0,1,22,0,2,2026-04-15T15:31:19.1266430Z
DapperLib/Dapper,1910,Medium,1,1,428,42,7,2026-04-15T02:28:44.4177571Z
DapperLib/Dapper,1912,Small,1,1,28,0,4,2026-04-15T02:28:43.5777727Z
DapperLib/Dapper,1928,Huge,1,1,8952,65,11,2026-04-13T23:33:12.7862645Z
DapperLib/Dapper,1974,Small,1,1,26,0,4,2026-04-15T02:28:41.9389941Z
DapperLib/Dapper,2038,Tiny,0,1,56,0,4,2026-04-13T23:33:13.8933508Z
DapperLib/Dapper,2118,Small,1,1,14,0,1,2026-04-15T15:22:23.6264360Z
DapperLib/Dapper,2129,Tiny,0,1,192,0,7,2026-04-13T23:33:09.9977040Z
DevToys-app/DevToys,139,Medium,0,1,250,0,9,2026-04-13T23:33:15.9303098Z
DevToys-app/DevToys,1003,Medium,1,1,103,0,6,2026-04-15T02:28:50.4596871Z
DevToys-app/DevToys,1007,Large,1,1,325,0,7,2026-04-15T02:28:49.3248000Z
DevToys-app/DevToys,1009,Large,1,1,323,7,8,2026-04-15T02:28:48.2478241Z
DevToys-app/DevToys,1013,Medium,1,1,212,0,5,2026-04-15T02:28:46.4872196Z
DevToys-app/DevToys,1017,Large,1,1,248,8,6,2026-04-15T02:28:45.6269986Z
DevToys-app/DevToys,1046,Large,0,1,274,48,13,2026-04-13T23:33:20.2949967Z
DevToys-app/DevToys,1068,Medium,1,1,80,0,5,2026-04-13T23:33:19.4658875Z
DevToys-app/DevToys,1078,Huge,1,1,1856,908,11,2026-04-13T23:33:17.9294843Z
DevToys-app/DevToys,1102,Small,0,1,92,40,5,2026-04-15T15:22:37.8933334Z
DevToys-app/DevToys,1380,Small,0,1,16,0,2,2026-04-15T15:22:31.8522230Z
DevToys-app/DevToys,1382,Tiny,0,1,8,0,1,2026-04-13T23:33:16.7427463Z
FluentValidation/FluentValidation,1636,Medium,1,1,152,81,5,2026-04-15T02:22:15.8360616Z
FluentValidation/FluentValidation,1888,Medium,1,1,308,249,5,2026-04-15T02:22:17.8391667Z
FluentValidation/FluentValidation,2158,Medium,0,1,0,0,0,2026-04-15T02:22:14.9040042Z
FluentValidation/FluentValidation,2184,Small,1,1,4,0,1,2026-04-13T23:33:23.4424269Z
FluentValidation/FluentValidation,2213,Small,1,1,22,0,2,2026-04-13T23:33:24.2480108Z
FluentValidation/FluentValidation,2283,Small,1,1,53,15,3,2026-04-13T23:33:22.6621754Z
HangfireIO/Hangfire,1325,Small,1,1,9,9,1,2026-04-15T02:22:25.9628321Z
HangfireIO/Hangfire,1488,Small,0,1,9,0,1,2026-04-15T02:22:23.1361649Z
HangfireIO/Hangfire,1663,Tiny,0,1,8,0,1,2026-04-13T23:33:27.4241444Z
HangfireIO/Hangfire,2111,Tiny,0,1,8,0,1,2026-04-15T15:23:02.0473406Z
HangfireIO/Hangfire,2350,Tiny,0,1,8,0,1,2026-04-15T15:22:55.3283695Z
Humanizr/Humanizer,1616,Medium,1,1,70,0,5,2026-04-15T02:22:30.3526593Z
Humanizr/Humanizer,1641,Small,1,1,46,16,5,2026-04-15T02:22:31.1624576Z
Humanizr/Humanizer,1648,Small,0,1,90,0,2,2026-04-15T15:23:14.1464172Z
Humanizr/Humanizer,1651,Medium,1,1,48,0,5,2026-04-15T15:23:13.2011985Z
Humanizr/Humanizer,1660,Tiny,0,1,0,0,0,2026-04-15T02:22:29.4769579Z
Humanizr/Humanizer,1676,Medium,1,1,31,0,4,2026-04-15T02:22:27.9231409Z
Humanizr/Humanizer,1684,Tiny,1,1,28,0,2,2026-04-13T23:33:32.1526946Z
Humanizr/Humanizer,1701,Medium,1,1,330,15,5,2026-04-13T23:33:31.3739777Z
Humanizr/Humanizer,1715,Small,1,1,39,4,4,2026-04-13T23:33:28.9630438Z
Humanizr/Humanizer,1725,Huge,1,1,23,2,8,2026-04-19T03:48:35.3827175Z
Humanizr/Humanizer,1727,Large,1,1,97,0,8,2026-04-19T03:48:34.5174444Z
JamesNK/Newtonsoft.Json,1950,Huge,1,1,10271,938,15,2026-04-15T02:22:36.1073633Z
JamesNK/Newtonsoft.Json,2424,Large,1,1,475,0,6,2026-04-15T02:22:36.9546982Z
JamesNK/Newtonsoft.Json,2614,Tiny,1,1,8,0,1,2026-04-15T02:22:32.8157747Z
JamesNK/Newtonsoft.Json,2639,Medium,1,1,193,12,6,2026-04-13T23:33:34.6898667Z
JamesNK/Newtonsoft.Json,2736,Tiny,1,1,13,0,1,2026-04-15T15:23:16.8456216Z
JamesNK/Newtonsoft.Json,2769,Tiny,1,1,46,0,5,2026-04-15T15:23:14.9630383Z
JamesNK/Newtonsoft.Json,2935,Small,1,1,66,0,4,2026-04-13T23:33:33.8855017Z
JamesNK/Newtonsoft.Json,2980,Huge,0,1,1014,84,7,2026-04-13T23:33:38.0404276Z
JamesNK/Newtonsoft.Json,2994,Tiny,0,1,0,0,0,2026-04-13T23:33:35.6987152Z
JamesNK/Newtonsoft.Json,3018,Tiny,0,1,0,0,0,2026-04-13T23:33:36.4316046Z
JoshClose/CsvHelper,587,Medium,1,1,88,0,5,2026-04-15T02:26:23.3424751Z
JoshClose/CsvHelper,1822,Tiny,0,1,9,0,1,2026-04-15T02:26:17.8351648Z
JoshClose/CsvHelper,2145,Small,1,1,24,0,3,2026-04-15T15:28:18.1047284Z
JoshClose/CsvHelper,2193,Tiny,0,1,0,0,0,2026-04-15T15:28:15.7122811Z
JoshClose/CsvHelper,2317,Tiny,0,1,10,0,3,2026-04-15T02:26:15.2157522Z
NLog/NLog,6094,Small,1,1,98,18,5,2026-04-15T02:22:37.8559762Z
NLog/NLog,6100,Small,1,1,10,0,2,2026-04-15T02:22:42.5959213Z
NLog/NLog,6113,Tiny,1,1,17,9,3,2026-04-15T02:22:40.4138575Z
NLog/NLog,6116,Tiny,1,1,0,0,0,2026-04-15T02:22:41.2842066Z
NLog/NLog,6123,Small,1,1,0,0,0,2026-04-13T23:33:41.9342478Z
NLog/NLog,6126,Small,1,1,21,0,2,2026-04-13T23:33:39.6057695Z
NLog/NLog,6129,Small,1,1,8,0,1,2026-04-13T23:33:41.1736576Z
NLog/NLog,6132,Small,0,1,220,98,4,2026-04-13T23:33:40.4095793Z
NLog/NLog,6138,Small,1,1,0,0,0,2026-04-13T23:33:38.8296949Z
NLog/NLog,6140,Tiny,1,1,0,0,0,2026-04-15T15:23:26.9484413Z
NLog/NLog,6150,Tiny,0,1,0,0,0,2026-04-15T15:23:21.4981441Z
PowerShell/PowerShell,24600,Small,1,1,37,0,4,2026-04-15T02:22:49.8690415Z
PowerShell/PowerShell,24624,Tiny,0,1,0,0,0,2026-04-13T23:33:42.7233361Z
PowerShell/PowerShell,24912,Tiny,0,1,59,9,6,2026-04-15T02:22:47.9526437Z
PowerShell/PowerShell,24965,Tiny,0,1,0,0,0,2026-04-15T02:22:46.4388352Z
PowerShell/PowerShell,27095,Tiny,0,1,0,0,0,2026-04-13T23:33:44.2781411Z
PowerShell/PowerShell,27109,Tiny,0,1,20,0,3,2026-04-15T15:23:32.3371378Z
PowerShell/PowerShell,27209,Medium,0,1,40,0,3,2026-04-13T23:33:43.5450891Z
RicoSuter/NJsonSchema,1403,Tiny,1,1,20,8,3,2026-04-15T15:23:47.9767122Z
RicoSuter/NJsonSchema,1641,Huge,1,1,72,0,6,2026-04-15T02:22:55.9478502Z
RicoSuter/NJsonSchema,1675,Medium,1,1,16,0,1,2026-04-13T23:33:48.7428162Z
RicoSuter/NJsonSchema,1707,Tiny,0,1,16,0,1,2026-04-13T23:33:49.5029496Z
RicoSuter/NJsonSchema,1797,Tiny,1,1,0,0,0,2026-04-15T15:23:49.6766694Z
RicoSuter/NJsonSchema,1865,Medium,1,1,8,0,1,2026-04-15T15:23:43.9184984Z
RicoSuter/NJsonSchema,1895,Tiny,1,1,37,4,3,2026-04-13T23:33:46.5057879Z
RicoSuter/Namotion.Reflection,27,Tiny,0,1,37,0,2,2026-04-15T02:23:02.3953421Z
RicoSuter/Namotion.Reflection,49,Tiny,1,1,15,0,2,2026-04-15T15:24:02.9287022Z
RicoSuter/Namotion.Reflection,55,Large,1,1,862,0,7,2026-04-15T02:23:00.8141807Z
RicoSuter/Namotion.Reflection,57,Tiny,1,1,550,8,9,2026-04-15T15:24:01.6800986Z
RicoSuter/Namotion.Reflection,59,Small,1,1,34,26,2,2026-04-15T15:24:00.7654500Z
RicoSuter/Namotion.Reflection,60,Small,1,1,88,14,6,2026-04-15T02:22:59.6614362Z
RicoSuter/Namotion.Reflection,62,Large,1,1,550,388,17,2026-04-15T15:23:58.7582767Z
RicoSuter/Namotion.Reflection,100,Small,0,1,72,0,4,2026-04-13T23:33:52.9300969Z
RicoSuter/Namotion.Reflection,104,Tiny,0,1,0,0,0,2026-04-13T23:33:52.0833897Z
RicoSuter/Namotion.Reflection,111,Small,1,1,126,0,6,2026-04-13T23:33:51.3609343Z
RicoSuter/Namotion.Reflection,134,Medium,1,1,32,16,2,2026-04-13T23:33:50.2837284Z
RicoSuter/Namotion.Reflection,138,Small,1,1,8,0,1,2026-04-15T15:23:56.6886199Z
RicoSuter/Namotion.Reflection,171,Tiny,1,1,20,0,3,2026-04-15T15:23:55.7510527Z
ShareX/ShareX,6454,Medium,0,1,252,0,10,2026-04-13T23:33:56.5694894Z
ShareX/ShareX,7202,Small,0,1,14,0,2,2026-04-15T15:24:08.9351250Z
ShareX/ShareX,7204,Small,0,1,8,0,1,2026-04-15T15:24:07.8608601Z
ShareX/ShareX,8440,Large,0,1,0,0,0,2026-04-13T23:33:54.4947775Z
SixLabors/ImageSharp,2740,Small,1,1,98,0,7,2026-04-13T23:34:00.7548175Z
SixLabors/ImageSharp,2793,Medium,1,1,231,0,7,2026-04-13T23:34:01.5269209Z
SixLabors/ImageSharp,3028,Medium,1,1,52,16,6,2026-04-15T02:23:16.6914009Z
SixLabors/ImageSharp,3040,Tiny,1,1,89,0,4,2026-04-15T02:23:15.0293367Z
SixLabors/ImageSharp,3047,Small,1,1,59,9,4,2026-04-15T02:23:13.8199630Z
SixLabors/ImageSharp,3051,Medium,1,1,30,0,2,2026-04-15T15:24:28.0036564Z
SixLabors/ImageSharp,3054,Large,1,1,166,0,5,2026-04-15T02:23:11.4190718Z
SixLabors/ImageSharp,3055,Medium,1,1,95,0,5,2026-04-13T23:34:02.3102756Z
SixLabors/ImageSharp,3066,Large,1,1,348,91,5,2026-04-15T15:24:26.0303477Z
SixLabors/ImageSharp,3070,Medium,1,1,80,0,5,2026-04-15T15:24:24.5935993Z
SixLabors/ImageSharp,3077,Medium,1,1,8,0,1,2026-04-15T15:24:23.4429737Z
SixLabors/ImageSharp,3084,Tiny,1,1,0,0,0,2026-04-15T15:24:20.8152908Z
SixLabors/ImageSharp,3096,Huge,1,1,362,3,10,2026-04-16T11:25:41.4963416Z
SixLabors/ImageSharp,3101,Small,1,1,24,0,2,2026-04-13T23:33:59.9738035Z
SixLabors/ImageSharp,3110,Small,1,1,8,0,1,2026-04-15T15:24:19.9783477Z
SixLabors/ImageSharp,3111,Small,1,1,133,16,5,2026-04-13T23:33:59.1516095Z
StackExchange/StackExchange.Redis,2670,Tiny,0,1,18,0,2,2026-04-15T02:23:22.7408335Z
StackExchange/StackExchange.Redis,2936,Medium,1,1,145,0,8,2026-04-15T02:23:21.8467246Z
StackExchange/StackExchange.Redis,2939,Large,1,1,527,9,12,2026-04-15T02:23:19.9704119Z
StackExchange/StackExchange.Redis,2965,Tiny,0,1,16,0,1,2026-04-15T15:24:29.8453873Z
StackExchange/StackExchange.Redis,2969,Small,1,1,135,9,7,2026-04-15T02:23:18.5235451Z
StackExchange/StackExchange.Redis,2995,Large,1,1,1506,444,15,2026-04-13T23:34:07.1843139Z
StackExchange/StackExchange.Redis,3003,Small,1,1,92,0,6,2026-04-13T23:34:04.5659525Z
StackExchange/StackExchange.Redis,3011,Medium,1,1,10,0,2,2026-04-15T15:24:32.6492109Z
StackExchange/StackExchange.Redis,3013,Tiny,0,1,22,0,2,2026-04-13T23:34:05.3670125Z
StackExchange/StackExchange.Redis,3028,Huge,0,1,3097,363,18,2026-04-13T23:34:03.7546765Z
aaubry/YamlDotNet,827,Small,1,1,7,0,1,2026-04-15T02:23:28.8150755Z
aaubry/YamlDotNet,856,Medium,1,1,146,0,7,2026-04-15T02:23:29.9469227Z
aaubry/YamlDotNet,956,Medium,0,1,24,0,3,2026-04-15T15:24:45.2369088Z
aaubry/YamlDotNet,990,Tiny,1,1,36,0,3,2026-04-13T23:34:10.8955446Z
aaubry/YamlDotNet,998,Small,1,1,17,0,3,2026-04-15T02:23:25.8287160Z
aaubry/YamlDotNet,1055,Small,0,1,56,0,4,2026-04-13T23:34:09.5442915Z
aaubry/YamlDotNet,1072,Medium,1,1,56,0,4,2026-04-13T23:34:07.9430757Z
adamhathcock/sharpcompress,1211,Large,1,1,384,36,7,2026-04-15T02:23:33.9847131Z
adamhathcock/sharpcompress,1227,Medium,1,1,17,0,3,2026-04-15T02:23:34.7742020Z
adamhathcock/sharpcompress,1229,Medium,1,1,200,0,5,2026-04-15T02:23:33.1441740Z
adamhathcock/sharpcompress,1233,Small,1,1,37,18,4,2026-04-15T02:23:32.2070889Z
adamhathcock/sharpcompress,1237,Small,1,1,20,12,2,2026-04-15T15:24:54.5787508Z
adamhathcock/sharpcompress,1238,Small,1,1,24,14,3,2026-04-15T02:23:31.4455147Z
adamhathcock/sharpcompress,1239,Large,1,1,494,176,5,2026-04-13T23:34:14.7452626Z
adamhathcock/sharpcompress,1243,Large,1,1,838,62,6,2026-04-13T23:34:13.9548005Z
adamhathcock/sharpcompress,1245,Tiny,1,1,13,0,2,2026-04-15T15:24:53.8022370Z
adamhathcock/sharpcompress,1267,Large,1,1,165,55,10,2026-04-15T15:24:52.1650860Z
adamhathcock/sharpcompress,1272,Medium,1,1,158,0,8,2026-04-13T23:34:12.3321360Z
adamhathcock/sharpcompress,1273,Medium,1,1,134,28,5,2026-04-13T23:34:13.0654625Z
akkadotnet/akka.net,8006,Tiny,0,1,0,0,0,2026-04-15T19:46:37.9712998Z
akkadotnet/akka.net,8042,Medium,1,1,103,12,8,2026-04-15T15:30:55.6583632Z
akkadotnet/akka.net,8050,Tiny,0,1,0,0,0,2026-04-15T15:30:52.0384336Z
akkadotnet/akka.net,8055,Tiny,0,1,0,0,0,2026-04-15T15:30:53.9167266Z
akkadotnet/akka.net,8080,Medium,1,1,291,200,7,2026-04-15T15:30:49.8779482Z
akkadotnet/akka.net,8082,Small,1,1,2,0,1,2026-04-15T15:30:52.9786897Z
akkadotnet/akka.net,8083,Large,1,1,36,0,4,2026-04-15T15:30:51.0049870Z
akkadotnet/akka.net,8089,Small,0,1,0,0,0,2026-04-15T15:30:43.8699713Z
akkadotnet/akka.net,8091,Tiny,0,1,0,0,0,2026-04-15T15:30:44.7116341Z
akkadotnet/akka.net,8097,Large,1,1,49,35,3,2026-04-15T15:30:48.3508008Z
akkadotnet/akka.net,8108,Small,0,1,46,40,2,2026-04-15T15:30:47.1846955Z
akkadotnet/akka.net,8115,Small,0,1,176,56,3,2026-04-15T15:30:41.7028061Z
akkadotnet/akka.net,8116,Small,1,1,0,0,0,2026-04-15T15:30:45.6687565Z
akkadotnet/akka.net,8129,Large,1,1,74,32,5,2026-04-15T15:30:40.7307819Z
akkadotnet/akka.net,8145,Small,1,1,0,0,0,2026-04-15T15:30:39.1086372Z
apache/logging-log4net,138,Large,1,1,424,279,4,2026-04-15T02:23:42.4886687Z
apache/logging-log4net,199,Tiny,1,1,18,0,2,2026-04-13T23:34:18.2283043Z
apache/logging-log4net,201,Huge,1,1,3753,967,21,2026-04-15T15:25:05.4790793Z
apache/logging-log4net,203,Large,1,1,355,77,6,2026-04-15T15:25:08.1377618Z
apache/logging-log4net,256,Tiny,0,1,0,0,0,2026-04-15T02:23:37.4254869Z
apache/logging-log4net,257,Medium,1,1,89,14,5,2026-04-13T23:34:17.2315271Z
apache/logging-log4net,262,Medium,1,1,47,6,6,2026-04-15T15:24:58.8914299Z
apache/logging-log4net,271,Tiny,1,1,6,0,1,2026-04-15T15:24:55.9774940Z
apache/logging-log4net,287,Small,1,1,24,16,2,2026-04-13T23:34:15.5895685Z
aws/aws-sdk-net,4184,Small,1,1,1123,1017,9,2026-04-13T23:34:22.2175658Z
aws/aws-sdk-net,4195,Medium,1,1,26,0,4,2026-04-15T02:23:46.9346726Z
aws/aws-sdk-net,4310,Small,1,1,28,0,4,2026-04-15T02:23:45.9459030Z
aws/aws-sdk-net,4312,Small,0,1,8,0,1,2026-04-15T15:25:11.8732228Z
aws/aws-sdk-net,4323,Small,1,1,105,0,7,2026-04-15T15:25:13.8518184Z
aws/aws-sdk-net,4327,Medium,1,1,340,0,9,2026-04-13T23:34:19.8752365Z
aws/aws-sdk-net,4331,Small,1,1,18,0,2,2026-04-15T02:23:44.2005218Z
aws/aws-sdk-net,4353,Small,1,1,9,0,1,2026-04-15T02:23:45.1046543Z
aws/aws-sdk-net,4357,Small,1,1,8,0,1,2026-04-15T15:25:12.8295994Z
aws/aws-sdk-net,4367,Tiny,0,1,0,0,0,2026-04-15T02:23:43.3001518Z
aws/aws-sdk-net,4374,Small,0,1,38,0,3,2026-04-13T23:34:23.0181738Z
aws/aws-sdk-net,4377,Medium,1,1,389,181,8,2026-04-13T23:34:21.3135981Z
aws/aws-sdk-net,4381,Small,0,1,56,16,4,2026-04-13T23:34:20.5916340Z
domaindrivendev/Swashbuckle.AspNetCore,2414,Small,1,1,22,0,2,2026-04-13T23:34:26.2938850Z
domaindrivendev/Swashbuckle.AspNetCore,2546,Small,1,1,10,0,2,2026-04-13T23:34:24.4854349Z
domaindrivendev/Swashbuckle.AspNetCore,2610,Small,1,1,6,0,1,2026-04-13T23:34:27.3797986Z
domaindrivendev/Swashbuckle.AspNetCore,2718,Small,1,1,32,9,4,2026-04-15T02:23:50.8854354Z
domaindrivendev/Swashbuckle.AspNetCore,2842,Small,1,1,51,0,3,2026-04-13T23:34:25.5291892Z
domaindrivendev/Swashbuckle.AspNetCore,2929,Medium,1,1,31,0,4,2026-04-15T02:23:49.1571815Z
domaindrivendev/Swashbuckle.AspNetCore,2943,Small,1,1,74,0,4,2026-04-15T02:23:47.7415702Z
domaindrivendev/Swashbuckle.AspNetCore,2980,Small,1,1,8,0,1,2026-04-15T15:25:15.6949335Z
domaindrivendev/Swashbuckle.AspNetCore,3030,Small,1,1,35,0,4,2026-04-15T02:23:52.6327472Z
domaindrivendev/Swashbuckle.AspNetCore,3044,Medium,1,1,120,0,6,2026-04-15T02:23:53.8205283Z
domaindrivendev/Swashbuckle.AspNetCore,3803,Small,1,1,30,0,1,2026-04-15T21:34:17.0439534Z
domaindrivendev/Swashbuckle.AspNetCore,3822,Medium,1,1,34,0,2,2026-04-15T21:34:14.2868248Z
domaindrivendev/Swashbuckle.AspNetCore,3860,Medium,1,1,17,0,3,2026-04-15T21:34:15.7365456Z
domaindrivendev/Swashbuckle.AspNetCore,3887,Small,1,1,81,0,3,2026-04-13T23:34:23.7338958Z
dotnet/aspnetcore,55092,Small,1,1,84,30,4,2026-04-13T23:34:31.4718083Z
dotnet/aspnetcore,62162,Large,1,1,85,22,8,2026-04-15T22:24:17.5091365Z
dotnet/aspnetcore,64807,Large,1,1,455,78,16,2026-04-13T23:34:29.0454214Z
dotnet/aspnetcore,65807,Small,1,1,35,0,4,2026-04-15T02:23:58.3576978Z
dotnet/aspnetcore,65808,Small,1,1,96,0,3,2026-04-13T23:34:30.6708193Z
dotnet/aspnetcore,65890,Large,1,1,7,0,1,2026-04-15T19:45:57.7966122Z
dotnet/aspnetcore,65930,Tiny,1,1,8,0,1,2026-04-13T23:34:28.1377577Z
dotnet/aspnetcore,65958,Huge,1,1,304,54,9,2026-04-15T19:45:58.9174722Z
dotnet/aspnetcore,65973,Small,1,1,126,0,4,2026-04-15T02:23:56.6406592Z
dotnet/aspnetcore,66239,Huge,1,1,8,0,1,2026-04-15T15:25:20.8090778Z
dotnet/aspnetcore,66294,Small,1,1,0,0,0,2026-04-15T15:25:25.7200486Z
dotnet/aspnetcore,66317,Small,1,1,60,10,4,2026-04-15T00:00:37.4087894Z
dotnet/aspnetcore,66318,Small,1,1,31,7,2,2026-04-15T15:25:22.7447661Z
dotnet/efcore,37577,Large,1,1,273,80,9,2026-04-15T15:25:33.3187988Z
dotnet/efcore,37971,Tiny,1,1,0,0,0,2026-04-15T15:25:34.3680780Z
dotnet/efcore,38021,Small,1,1,23,0,2,2026-04-13T23:34:32.9499991Z
dotnet/efcore,38024,Large,1,1,936,432,11,2026-04-13T23:34:36.4072971Z
dotnet/efcore,38038,Large,1,1,927,430,10,2026-04-13T23:34:35.2785548Z
dotnet/efcore,38045,Tiny,1,1,21,0,2,2026-04-13T23:34:32.1207098Z
dotnet/efcore,38065,Medium,1,1,68,30,4,2026-04-13T23:34:33.7278732Z
dotnet/efcore,38066,Medium,1,1,0,0,0,2026-04-15T15:25:35.3363784Z
dotnet/efcore,38075,Small,1,1,18,0,3,2026-04-15T02:24:00.3634277Z
dotnet/efcore,38076,Medium,1,1,44,0,6,2026-04-15T00:00:40.0740179Z
dotnet/efcore,38084,Small,0,1,79,0,8,2026-04-15T02:24:01.1884306Z
dotnet/efcore,38089,Large,1,1,208,10,8,2026-04-15T00:00:39.1917439Z
dotnet/efcore,38091,Tiny,0,1,0,0,0,2026-04-15T00:00:42.3247953Z
dotnet/efcore,38100,Tiny,0,1,8,0,1,2026-04-15T15:25:31.8067495Z
dotnet/efcore,38110,Medium,1,1,13,3,3,2026-04-16T11:25:49.1146603Z
dotnet/efcore,38115,Small,1,1,0,0,0,2026-04-16T11:25:46.6560000Z
dotnet/maui,25107,Medium,1,1,16,0,2,2026-04-15T15:25:41.8112041Z
dotnet/maui,27848,Small,1,1,10,0,2,2026-04-15T15:25:45.5672725Z
dotnet/maui,28071,Medium,1,1,18,0,2,2026-04-15T02:24:04.4182761Z
dotnet/maui,29883,Medium,1,1,16,0,2,2026-04-15T15:25:48.1143086Z
dotnet/maui,30757,Small,1,1,6,0,2,2026-04-16T11:25:51.2142915Z
dotnet/maui,31340,Medium,1,1,8,0,1,2026-04-15T15:25:42.7711538Z
dotnet/maui,31453,Medium,1,1,16,0,2,2026-04-15T15:25:55.9798544Z
dotnet/maui,32333,Medium,1,1,14,0,2,2026-04-15T15:25:40.7310711Z
dotnet/maui,32497,Tiny,0,1,8,0,1,2026-04-15T15:25:50.9161368Z
dotnet/maui,33084,Large,1,1,24,0,3,2026-04-16T11:25:52.4261354Z
dotnet/maui,33429,Medium,1,1,14,0,2,2026-04-15T15:25:51.8950596Z
dotnet/maui,33774,Medium,1,1,8,0,1,2026-04-15T15:25:53.2697947Z
dotnet/maui,34016,Small,1,1,16,0,2,2026-04-15T15:25:49.6166977Z
dotnet/maui,34240,Small,1,1,8,0,2,2026-04-15T02:24:13.8469999Z
dotnet/maui,34321,Large,1,1,97,27,5,2026-04-15T02:24:12.8680215Z
dotnet/maui,34372,Medium,1,1,10,0,2,2026-04-15T02:24:11.3581856Z
dotnet/maui,34387,Small,1,1,10,0,2,2026-04-15T02:24:09.7788452Z
dotnet/maui,34403,Large,1,1,96,16,11,2026-04-16T11:25:53.3718536Z
dotnet/maui,34416,Small,1,1,9,0,2,2026-04-15T02:24:08.5152943Z
dotnet/maui,34425,Tiny,0,1,0,0,0,2026-04-16T11:25:54.1537026Z
dotnet/maui,34557,Large,1,1,19,0,3,2026-04-15T15:25:39.4188730Z
dotnet/maui,34839,Medium,1,1,6,0,2,2026-04-16T11:33:12.8192863Z
dotnet/maui,34852,Medium,0,1,9,0,1,2026-04-15T02:24:03.5482184Z
dotnet/maui,34932,Huge,1,1,571,374,14,2026-04-15T02:24:07.5011594Z
dotnet/maui,34958,Tiny,0,1,0,0,0,2026-04-15T02:24:02.2614150Z
dotnet/maui,34982,Small,1,1,2,0,1,2026-04-16T11:25:50.4117294Z
dotnet/orleans,3250,Small,0,1,53,18,3,2026-04-15T02:24:25.0258200Z
dotnet/orleans,3445,Large,0,1,108,0,9,2026-04-15T02:24:21.8015745Z
dotnet/orleans,3638,Large,1,1,165,64,10,2026-04-15T15:26:00.9707616Z
dotnet/orleans,6479,Small,0,1,48,24,2,2026-04-15T15:25:59.9226950Z
dotnet/orleans,6503,Huge,1,1,978,143,12,2026-04-15T02:24:22.9724566Z
dotnet/orleans,7721,Medium,1,1,204,42,9,2026-04-15T02:24:24.1824157Z
dotnet/orleans,8401,Large,1,1,783,116,12,2026-04-15T02:24:16.1649479Z
dotnet/orleans,9879,Large,1,1,356,63,12,2026-04-15T02:24:19.4182875Z
dotnet/orleans,9970,Medium,1,1,99,0,6,2026-04-15T02:24:17.0572634Z
dotnet/orleans,9972,Small,1,1,42,9,5,2026-04-15T02:24:20.2683046Z
dotnet/orleans,9975,Small,1,1,9,0,1,2026-04-15T02:24:15.2161429Z
dotnet/orleans,9982,Tiny,1,1,0,0,0,2026-04-15T15:25:58.0400191Z
dotnet/orleans,9983,Large,1,1,908,106,9,2026-04-15T02:24:18.2121263Z
dotnet/orleans,9989,Small,1,1,435,96,8,2026-04-15T15:25:57.0041237Z
dotnet/reactive,1545,Medium,1,1,40,0,5,2026-04-15T02:24:39.1177026Z
dotnet/reactive,2178,Small,1,1,9,0,1,2026-04-15T02:24:32.4556097Z
dotnet/reactive,2182,Small,1,1,1614,7,6,2026-04-15T02:24:33.6333963Z
dotnet/reactive,2208,Large,1,1,100,0,4,2026-04-15T02:24:37.8696287Z
dotnet/reactive,2216,Medium,1,1,168,136,6,2026-04-15T02:24:34.7179764Z
dotnet/reactive,2222,Medium,1,1,16,0,2,2026-04-15T15:26:10.6114810Z
dotnet/reactive,2237,Medium,1,1,24,8,3,2026-04-15T15:26:09.5175150Z
dotnet/reactive,2240,Huge,1,1,1686,8,6,2026-04-15T15:26:06.6929174Z
dotnet/reactive,2268,Huge,1,1,643,58,14,2026-04-15T02:24:30.9211160Z
dotnet/reactive,2274,Large,1,1,18,0,3,2026-04-15T15:26:04.7157680Z
dotnet/reactive,2292,Large,1,1,10,0,2,2026-04-15T02:24:28.9765670Z
dotnet/reactive,2308,Large,1,1,1218,0,7,2026-04-15T02:24:26.4528230Z
dotnet/roslyn,81850,Small,0,1,28,0,4,2026-04-15T02:24:40.5654122Z
dotnet/roslyn,82401,Small,1,1,16,0,3,2026-04-15T15:26:14.4224236Z
dotnet/roslyn,82863,Medium,1,1,119,9,9,2026-04-15T02:24:51.5297770Z
dotnet/roslyn,82881,Medium,1,1,169,32,7,2026-04-15T02:24:50.2700638Z
dotnet/roslyn,82916,Large,1,1,82,0,6,2026-04-15T02:24:44.3546760Z
dotnet/roslyn,83015,Small,1,1,81,0,5,2026-04-15T02:24:47.8198500Z
dotnet/roslyn,83041,Small,1,1,200,0,6,2026-04-15T02:24:46.5912445Z
dotnet/roslyn,83048,Small,1,1,23,0,5,2026-04-15T02:24:48.9427843Z
dotnet/roslyn,83052,Large,1,1,133,0,5,2026-04-15T02:24:45.5188095Z
dotnet/roslyn,83076,Small,1,1,8,0,1,2026-04-15T15:26:21.8340468Z
dotnet/roslyn,83097,Large,1,1,102,42,7,2026-04-15T15:26:19.9211795Z
dotnet/roslyn,83112,Medium,1,1,50,0,3,2026-04-15T02:24:43.2210100Z
dotnet/roslyn,83149,Small,1,1,41,0,5,2026-04-15T15:26:16.3846645Z
dotnet/roslyn,83157,Small,1,1,40,0,3,2026-04-15T15:26:15.3379099Z
dotnet/roslyn,83161,Small,1,1,478,147,6,2026-04-15T15:26:13.0871357Z
dotnet/runtime,122639,Large,1,1,9,0,1,2026-04-15T02:24:53.9363309Z
dotnet/runtime,124428,Tiny,1,1,12,12,1,2026-04-15T15:26:36.0889010Z
dotnet/runtime,124801,Small,0,1,4,0,1,2026-04-16T11:25:58.1940614Z
dotnet/runtime,124994,Medium,1,1,137,16,8,2026-04-15T15:26:29.7229779Z
dotnet/runtime,125274,Huge,0,1,680,0,5,2026-04-15T15:26:35.1831191Z
dotnet/runtime,125384,Small,1,1,6,4,2,2026-04-16T11:26:00.3763264Z
dotnet/runtime,125573,Tiny,1,1,14,0,2,2026-04-15T15:26:37.3714209Z
dotnet/runtime,126091,Small,1,1,75,20,9,2026-04-16T11:25:57.4522502Z
dotnet/runtime,126112,Medium,0,1,81,27,5,2026-04-15T02:24:54.9206642Z
dotnet/runtime,126276,Huge,1,1,878,44,12,2026-04-15T02:24:56.4626146Z
dotnet/runtime,126354,Medium,0,1,73,55,5,2026-04-15T22:24:20.4490168Z
dotnet/runtime,126719,Small,1,1,9,0,1,2026-04-15T02:25:01.1116899Z
dotnet/runtime,126770,Small,1,1,19,0,3,2026-04-15T02:24:58.5107177Z
dotnet/runtime,126807,Small,1,1,110,16,5,2026-04-15T15:26:28.5706092Z
dotnet/runtime,126856,Tiny,1,1,9,0,1,2026-04-15T02:24:59.3869578Z
dotnet/runtime,126874,Tiny,1,1,0,0,0,2026-04-15T15:26:24.5646492Z
dotnet/runtime,126926,Small,1,1,2,0,1,2026-04-15T15:26:26.9251190Z
files-community/Files,17217,Small,0,1,9,0,1,2026-04-15T02:25:06.2570123Z
files-community/Files,17664,Tiny,0,1,0,0,0,2026-04-15T02:25:11.1212441Z
files-community/Files,18061,Medium,0,1,41,18,5,2026-04-15T02:25:08.7115005Z
files-community/Files,18208,Small,0,1,45,0,5,2026-04-15T02:25:07.8766466Z
files-community/Files,18218,Tiny,0,1,0,0,0,2026-04-15T15:26:49.7623465Z
files-community/Files,18239,Tiny,0,1,4,0,1,2026-04-15T15:26:48.3209158Z
files-community/Files,18270,Large,0,1,76,0,8,2026-04-15T15:26:43.2756080Z
files-community/Files,18322,Small,0,1,10,0,2,2026-04-15T02:25:02.7442011Z
files-community/Files,18334,Small,0,1,9,0,1,2026-04-15T02:25:04.0038960Z
fluentassertions/fluentassertions,3029,Medium,1,1,36,0,2,2026-04-15T15:26:59.1650477Z
fluentassertions/fluentassertions,3115,Medium,1,1,19,0,4,2026-04-15T02:25:23.3690218Z
fluentassertions/fluentassertions,3133,Large,1,1,95,9,7,2026-04-15T02:25:25.3866036Z
fluentassertions/fluentassertions,3151,Small,1,1,9,0,1,2026-04-15T02:25:28.0902263Z
fluentassertions/fluentassertions,3152,Huge,0,1,65,7,8,2026-04-15T02:25:26.5895958Z
fluentassertions/fluentassertions,3164,Medium,1,1,10,0,2,2026-04-15T02:25:21.7568217Z
fluentassertions/fluentassertions,3166,Medium,1,1,18,0,3,2026-04-15T02:25:18.7780035Z
fluentassertions/fluentassertions,3172,Medium,1,1,10,0,2,2026-04-15T02:25:20.3205695Z
fluentassertions/fluentassertions,3177,Small,1,1,0,0,0,2026-04-15T02:25:17.8832441Z
fluentassertions/fluentassertions,3187,Medium,1,1,104,27,7,2026-04-15T02:25:15.1845053Z
fluentassertions/fluentassertions,3188,Medium,1,1,72,16,7,2026-04-15T15:26:52.7752719Z
googleapis/google-api-dotnet-client,2435,Medium,1,1,80,0,7,2026-04-15T02:25:43.1450173Z
googleapis/google-api-dotnet-client,2577,Tiny,0,1,26,0,3,2026-04-15T02:25:41.4957054Z
googleapis/google-api-dotnet-client,2630,Small,1,1,61,38,5,2026-04-15T02:25:40.2490745Z
googleapis/google-api-dotnet-client,2635,Large,1,1,362,115,16,2026-04-15T02:25:39.0719811Z
googleapis/google-api-dotnet-client,2644,Huge,1,1,261,34,13,2026-04-15T02:25:37.4052457Z
googleapis/google-api-dotnet-client,2675,Medium,1,1,75,8,4,2026-04-15T02:25:36.3367107Z
googleapis/google-api-dotnet-client,3114,Huge,0,1,1081,108,9,2026-04-15T21:34:29.7812090Z
googleapis/google-api-dotnet-client,3119,Huge,0,1,121,49,4,2026-04-15T02:25:46.8352383Z
googleapis/google-api-dotnet-client,3134,Large,0,1,16,0,2,2026-04-15T15:27:30.6488426Z
googleapis/google-api-dotnet-client,3135,Huge,0,1,1778,586,9,2026-04-15T15:27:27.6030011Z
googleapis/google-api-dotnet-client,3138,Huge,0,1,1587,1036,9,2026-04-15T15:27:22.0387498Z
googleapis/google-api-dotnet-client,3140,Large,0,1,48,0,2,2026-04-15T15:27:16.0756760Z
googleapis/google-api-dotnet-client,3141,Huge,0,1,777,534,8,2026-04-15T02:25:32.3020462Z
googleapis/google-api-dotnet-client,3142,Large,0,1,430,12,7,2026-04-15T15:27:14.5496087Z
googleapis/google-api-dotnet-client,3146,Huge,0,1,1734,502,10,2026-04-15T15:27:12.1538244Z
googleapis/google-api-dotnet-client,3147,Large,0,1,24,8,3,2026-04-15T15:27:06.9504936Z
googleapis/google-api-dotnet-client,3150,Huge,0,1,3548,206,9,2026-04-15T15:27:05.3489074Z
grpc/grpc-dotnet,2445,Medium,1,1,89,44,6,2026-04-15T02:25:55.9501988Z
grpc/grpc-dotnet,2514,Medium,1,1,58,50,3,2026-04-15T02:25:54.1344842Z
grpc/grpc-dotnet,2531,Large,0,1,2600,0,6,2026-04-15T02:25:52.0216829Z
grpc/grpc-dotnet,2553,Small,1,1,17,7,3,2026-04-15T02:25:51.0829930Z
grpc/grpc-dotnet,2582,Small,1,1,70,16,3,2026-04-15T15:27:49.2039722Z
grpc/grpc-dotnet,2597,Small,1,1,28,0,4,2026-04-15T02:25:50.2827269Z
grpc/grpc-dotnet,2601,Tiny,1,1,22,16,3,2026-04-15T15:27:47.1673151Z
grpc/grpc-dotnet,2618,Tiny,1,1,53,24,7,2026-04-15T15:27:46.1403451Z
grpc/grpc-dotnet,2634,Large,1,1,97,27,7,2026-04-15T02:25:49.4778536Z
grpc/grpc-dotnet,2650,Large,1,1,300,43,8,2026-04-15T02:25:48.6206398Z
grpc/grpc-dotnet,2677,Large,1,1,593,16,9,2026-04-15T15:27:43.8143327Z
grpc/grpc-dotnet,2695,Tiny,0,1,8,0,1,2026-04-15T15:27:42.8358196Z
icsharpcode/ILSpy,3013,Small,0,1,18,14,2,2026-04-16T11:26:30.2687836Z
icsharpcode/ILSpy,3642,Large,0,1,406,244,11,2026-04-15T21:34:38.6617143Z
icsharpcode/ILSpy,3678,Tiny,0,1,0,0,0,2026-04-15T21:34:39.4719621Z
icsharpcode/ILSpy,3680,Large,1,1,208,25,12,2026-04-15T21:34:40.5417150Z
icsharpcode/SharpZipLib,517,Small,1,1,195,0,6,2026-04-15T02:26:04.8912357Z
icsharpcode/SharpZipLib,582,Small,1,1,9,0,1,2026-04-15T02:25:58.6173289Z
icsharpcode/SharpZipLib,592,Medium,1,1,388,80,8,2026-04-15T02:26:02.3803714Z
icsharpcode/SharpZipLib,635,Tiny,0,1,0,0,0,2026-04-15T02:26:04.0311190Z
icsharpcode/SharpZipLib,683,Small,1,1,73,46,6,2026-04-15T02:26:00.6477407Z
icsharpcode/SharpZipLib,746,Medium,1,1,1050,151,10,2026-04-15T02:25:59.7015205Z
icsharpcode/SharpZipLib,843,Medium,0,1,99,27,8,2026-04-15T02:25:56.7544773Z
jellyfin/jellyfin,13491,Tiny,0,1,0,0,0,2026-04-15T19:46:11.5743729Z
jellyfin/jellyfin,15263,Small,0,1,5,0,3,2026-04-15T02:26:08.6813214Z
jellyfin/jellyfin,16204,Tiny,0,1,40,40,1,2026-04-15T15:28:11.1013723Z
jellyfin/jellyfin,16293,Tiny,0,1,10,0,2,2026-04-15T02:26:12.3739369Z
jellyfin/jellyfin,16362,Tiny,0,1,21,0,3,2026-04-15T02:26:09.4593703Z
jellyfin/jellyfin,16376,Tiny,0,1,45,0,1,2026-04-15T02:26:10.5579423Z
jellyfin/jellyfin,16419,Tiny,0,1,8,8,1,2026-04-15T15:28:09.2381348Z
jellyfin/jellyfin,16440,Tiny,0,1,0,0,0,2026-04-15T02:26:06.8304846Z
jellyfin/jellyfin,16456,Tiny,0,1,17,0,3,2026-04-15T02:26:06.0875575Z
jellyfin/jellyfin,16465,Tiny,1,1,0,0,0,2026-04-15T15:28:12.9980519Z
jellyfin/jellyfin,16467,Tiny,0,1,0,0,0,2026-04-15T15:28:12.0805217Z
jellyfin/jellyfin,16482,Small,0,1,0,0,0,2026-04-15T15:28:03.3832293Z
jellyfin/jellyfin,16567,Small,1,1,6,0,1,2026-04-15T15:28:06.4359420Z
jellyfin/jellyfin,16594,Small,1,1,12,0,2,2026-04-15T19:46:12.7730740Z
jellyfin/jellyfin,16606,Small,0,1,0,0,0,2026-04-15T15:28:02.4756421Z
mgravell/Pipelines.Sockets.Unofficial,68,Small,1,1,9,0,1,2026-04-15T02:26:24.7786723Z
mgravell/Pipelines.Sockets.Unofficial,74,Large,1,1,547,18,9,2026-04-15T02:26:25.9477444Z
microsoft/PowerToys,43964,Large,0,1,212,0,9,2026-04-15T15:28:32.1841178Z
microsoft/PowerToys,44021,Medium,1,1,55,9,6,2026-04-15T02:26:27.6115866Z
microsoft/PowerToys,44799,Tiny,0,1,14,0,2,2026-04-15T15:28:29.4689853Z
microsoft/PowerToys,45288,Huge,1,1,1202,221,15,2026-04-15T15:28:30.9085850Z
microsoft/PowerToys,45554,Tiny,0,1,26,0,3,2026-04-15T02:26:31.0589049Z
microsoft/PowerToys,46198,Small,0,1,14,0,2,2026-04-15T15:28:33.1593729Z
microsoft/PowerToys,46377,Medium,0,1,205,0,10,2026-04-15T02:26:32.0782069Z
microsoft/PowerToys,46454,Small,0,1,8,0,1,2026-04-15T15:28:37.6877093Z
microsoft/PowerToys,46489,Large,0,1,482,115,10,2026-04-15T02:26:28.7205260Z
microsoft/PowerToys,46490,Small,1,1,85,9,6,2026-04-15T02:26:32.8200294Z
microsoft/PowerToys,46506,Large,0,1,24,0,2,2026-04-15T15:28:36.7863105Z
microsoft/PowerToys,46679,Small,1,1,24,0,3,2026-04-15T02:26:30.2200001Z
microsoft/PowerToys,46685,Medium,0,1,9,0,1,2026-04-15T02:26:34.4762200Z
microsoft/PowerToys,46872,Medium,1,1,6,0,2,2026-04-16T11:26:08.8595572Z
mongodb/mongo-csharp-driver,1893,Medium,1,1,60,16,6,2026-04-15T15:28:45.5571118Z
mongodb/mongo-csharp-driver,1907,Medium,1,1,63,0,5,2026-04-15T02:26:42.8487661Z
mongodb/mongo-csharp-driver,1918,Small,1,1,24,16,3,2026-04-15T02:26:39.5711022Z
mongodb/mongo-csharp-driver,1921,Small,1,1,18,0,2,2026-04-15T02:26:42.0005702Z
mongodb/mongo-csharp-driver,1925,Medium,1,1,82,0,5,2026-04-15T02:26:36.1187490Z
mongodb/mongo-csharp-driver,1926,Small,1,1,7,0,1,2026-04-15T02:26:41.1552744Z
mongodb/mongo-csharp-driver,1928,Small,1,1,50,0,5,2026-04-15T02:26:38.7102031Z
mongodb/mongo-csharp-driver,1929,Tiny,1,1,35,0,4,2026-04-15T02:26:40.3763352Z
mongodb/mongo-csharp-driver,1930,Tiny,1,1,6,0,1,2026-04-15T15:28:44.6090697Z
mongodb/mongo-csharp-driver,1932,Tiny,1,1,8,0,1,2026-04-15T02:26:36.9871780Z
mongodb/mongo-csharp-driver,1935,Tiny,1,1,8,0,1,2026-04-15T15:28:43.6911459Z
mongodb/mongo-csharp-driver,1940,Tiny,1,1,14,0,2,2026-04-15T15:28:42.7419220Z
mongodb/mongo-csharp-driver,1941,Small,1,1,78,0,5,2026-04-15T02:26:35.2890057Z
mongodb/mongo-csharp-driver,1945,Medium,1,1,120,24,6,2026-04-15T02:26:37.9309167Z
mono/t4,44,Tiny,1,1,0,0,0,2026-04-15T15:29:05.3833332Z
mono/t4,51,Small,0,1,0,0,0,2026-04-15T15:29:02.9629230Z
mono/t4,69,Medium,1,1,28,0,4,2026-04-15T02:26:53.9669558Z
moodmosaic/Fare,19,Tiny,0,1,9,0,1,2026-04-15T02:26:51.0685259Z
moodmosaic/Fare,36,Tiny,1,1,0,0,0,2026-04-15T15:28:51.3583668Z
moodmosaic/Fare,56,Small,1,1,9,0,1,2026-04-15T02:26:46.1338135Z
moodmosaic/Fare,65,Small,1,1,7,0,1,2026-04-15T02:26:44.6272668Z
morelinq/MoreLINQ,327,Small,1,1,23,0,3,2026-04-15T15:31:36.0824437Z
morelinq/MoreLINQ,572,Small,1,1,24,0,3,2026-04-15T15:31:40.5826834Z
morelinq/MoreLINQ,646,Tiny,1,1,8,0,1,2026-04-15T15:31:49.1128505Z
morelinq/MoreLINQ,735,Tiny,1,1,0,0,0,2026-04-15T15:31:50.9582287Z
morelinq/MoreLINQ,893,Small,1,1,45,0,5,2026-04-15T15:31:34.7600518Z
morelinq/MoreLINQ,1037,Medium,1,1,24,0,3,2026-04-15T15:31:46.0662415Z
morelinq/MoreLINQ,1041,Large,1,1,25,0,5,2026-04-15T15:31:48.1361819Z
morelinq/MoreLINQ,1049,Tiny,0,1,10,0,2,2026-04-15T15:31:42.6554809Z
morelinq/MoreLINQ,1064,Large,1,1,8,0,1,2026-04-15T15:31:38.8716750Z
morelinq/MoreLINQ,1074,Small,1,1,8,0,1,2026-04-15T15:31:37.0027406Z
morelinq/MoreLINQ,1085,Medium,1,1,16,0,2,2026-04-15T15:31:33.5028590Z
npgsql/npgsql,5480,Medium,1,1,221,54,9,2026-04-15T02:26:59.4519822Z
npgsql/npgsql,6016,Medium,1,1,176,0,6,2026-04-15T02:27:03.0118935Z
npgsql/npgsql,6297,Tiny,1,1,27,0,4,2026-04-15T02:27:02.0859978Z
npgsql/npgsql,6305,Large,1,1,229,18,6,2026-04-15T15:29:11.4442531Z
npgsql/npgsql,6316,Large,1,1,853,338,10,2026-04-15T02:26:55.8810086Z
npgsql/npgsql,6481,Medium,1,1,98,36,6,2026-04-15T02:27:00.3322283Z
npgsql/npgsql,6490,Small,1,1,235,73,10,2026-04-15T02:26:57.7416238Z
npgsql/npgsql,6491,Small,1,1,69,0,4,2026-04-15T02:26:58.5483821Z
npgsql/npgsql,6504,Small,1,1,243,0,5,2026-04-15T02:27:01.2304822Z
npgsql/npgsql,6507,Small,1,1,84,9,5,2026-04-15T02:27:03.7925962Z
npgsql/npgsql,6508,Tiny,0,1,32,0,2,2026-04-15T15:29:10.3009675Z
npgsql/npgsql,6522,Small,0,1,24,0,3,2026-04-15T15:29:09.3093915Z
npgsql/npgsql,6533,Tiny,1,1,14,0,1,2026-04-15T15:29:08.1104976Z
npgsql/npgsql,6537,Tiny,1,1,8,8,1,2026-04-15T02:26:56.6710480Z
npgsql/npgsql,6538,Tiny,0,1,4,0,1,2026-04-16T11:26:15.8873015Z
nunit/nunit,5054,Medium,1,1,190,0,4,2026-04-15T02:27:15.2729531Z
nunit/nunit,5183,Small,1,1,13,0,2,2026-04-15T15:29:21.4215728Z
nunit/nunit,5191,Medium,1,1,364,96,7,2026-04-15T02:27:05.0015716Z
nunit/nunit,5192,Large,1,1,709,477,9,2026-04-15T02:27:14.2248905Z
nunit/nunit,5195,Small,1,1,45,44,3,2026-04-15T02:27:12.7587342Z
nunit/nunit,5203,Medium,0,1,8,0,1,2026-04-15T15:29:15.2799689Z
nunit/nunit,5204,Small,1,1,17,0,3,2026-04-15T02:27:09.6175932Z
nunit/nunit,5210,Small,1,1,37,18,3,2026-04-15T02:27:06.2150395Z
nunit/nunit,5215,Small,1,1,8,0,2,2026-04-15T02:27:08.4418715Z
nunit/nunit,5216,Small,1,1,19,0,3,2026-04-15T02:27:07.3085181Z
nunit/nunit,5217,Small,1,1,39,24,3,2026-04-15T15:29:14.0032292Z
open-telemetry/opentelemetry-dotnet,6379,Medium,1,1,167,27,7,2026-04-15T02:27:23.2356515Z
open-telemetry/opentelemetry-dotnet,7017,Small,1,1,84,32,6,2026-04-15T02:27:22.1341593Z
open-telemetry/opentelemetry-dotnet,7033,Small,1,1,24,0,3,2026-04-15T02:27:18.3817933Z
open-telemetry/opentelemetry-dotnet,7058,Tiny,1,1,20,0,3,2026-04-15T15:29:27.6501209Z
open-telemetry/opentelemetry-dotnet,7061,Large,1,1,336,8,8,2026-04-15T02:27:19.7061623Z
open-telemetry/opentelemetry-dotnet,7069,Small,1,1,9,0,1,2026-04-15T02:27:17.4693120Z
open-telemetry/opentelemetry-dotnet,7072,Tiny,1,1,0,0,0,2026-04-15T15:29:23.5297688Z
open-telemetry/opentelemetry-dotnet,7074,Small,1,1,17,0,3,2026-04-15T02:27:16.6075896Z
open-telemetry/opentelemetry-dotnet,7075,Medium,1,1,53,38,3,2026-04-15T15:29:25.9319678Z
open-telemetry/opentelemetry-dotnet,7080,Small,1,1,19,0,3,2026-04-15T19:46:27.7018759Z
open-telemetry/opentelemetry-dotnet,7092,Small,1,1,21,6,3,2026-04-15T15:29:22.7087774Z
rabbitmq/rabbitmq-dotnet-client,865,Small,0,1,28,0,3,2026-04-15T02:27:25.6842806Z
rabbitmq/rabbitmq-dotnet-client,1740,Large,1,1,246,14,9,2026-04-15T02:27:28.0453848Z
rabbitmq/rabbitmq-dotnet-client,1779,Small,1,1,274,9,4,2026-04-15T02:27:30.3774874Z
rabbitmq/rabbitmq-dotnet-client,1806,Small,0,1,28,0,3,2026-04-15T02:27:33.3325854Z
rabbitmq/rabbitmq-dotnet-client,1832,Small,1,1,52,0,5,2026-04-15T02:27:32.1577680Z
rabbitmq/rabbitmq-dotnet-client,1852,Small,1,1,106,88,3,2026-04-15T02:27:29.3570833Z
rabbitmq/rabbitmq-dotnet-client,1857,Tiny,0,1,8,8,1,2026-04-15T15:29:38.7675766Z
restsharp/RestSharp,2331,Small,0,1,9,0,1,2026-04-15T02:27:45.6247636Z
restsharp/RestSharp,2351,Medium,0,1,20,0,3,2026-04-15T02:27:44.4978575Z
restsharp/RestSharp,2354,Medium,1,1,158,0,6,2026-04-15T02:27:43.4468387Z
restsharp/RestSharp,2357,Small,1,1,9,0,1,2026-04-15T02:27:42.2957762Z
restsharp/RestSharp,2360,Medium,1,1,113,26,7,2026-04-15T02:27:40.5001549Z
restsharp/RestSharp,2362,Medium,1,1,342,178,11,2026-04-15T02:27:38.3076893Z
restsharp/RestSharp,2363,Small,1,1,7,7,1,2026-04-15T02:27:39.3662765Z
restsharp/RestSharp,2367,Small,1,1,0,0,0,2026-04-15T02:27:37.0763382Z
serilog/serilog,2016,Small,1,1,9,0,1,2026-04-15T02:27:54.5787864Z
serilog/serilog,2045,Tiny,1,1,0,0,0,2026-04-15T02:27:52.5192920Z
serilog/serilog,2051,Small,1,1,16,0,2,2026-04-15T02:27:53.6104257Z
serilog/serilog,2055,Large,1,1,207,98,12,2026-04-15T15:29:55.3563389Z
serilog/serilog,2065,Tiny,1,1,8,8,1,2026-04-15T02:27:51.0086269Z
serilog/serilog,2090,Medium,1,1,9,0,2,2026-04-15T15:29:58.6513900Z
serilog/serilog,2108,Medium,1,1,63,0,6,2026-04-15T02:27:48.2963259Z
serilog/serilog,2132,Small,1,1,9,0,2,2026-04-15T15:29:57.6595481Z
serilog/serilog,2163,Small,1,1,9,0,1,2026-04-15T02:27:47.4889821Z
serilog/serilog,2197,Tiny,0,1,0,0,0,2026-04-15T15:29:51.2570173Z
serilog/serilog,2198,Tiny,1,1,0,0,0,2026-04-15T15:29:50.3858690Z
spectreconsole/spectre.console,1979,Small,1,1,8,0,1,2026-04-15T15:32:03.7909281Z
spectreconsole/spectre.console,2008,Medium,1,1,142,8,6,2026-04-15T15:32:05.3505281Z
spectreconsole/spectre.console,2016,Small,1,1,16,0,2,2026-04-15T15:31:55.1828042Z
spectreconsole/spectre.console,2025,Small,1,1,99,0,3,2026-04-15T15:32:00.4959356Z
spectreconsole/spectre.console,2087,Small,1,1,14,0,2,2026-04-15T15:31:52.0821910Z
sshnet/SSH.NET,1358,Medium,1,1,0,0,0,2026-04-15T02:28:04.0669870Z
sshnet/SSH.NET,1615,Small,1,1,9,0,1,2026-04-15T02:28:03.2001484Z
sshnet/SSH.NET,1619,Small,0,1,8,0,1,2026-04-15T15:30:04.6280807Z
sshnet/SSH.NET,1634,Small,1,1,56,22,5,2026-04-15T02:28:02.4806415Z
sshnet/SSH.NET,1668,Large,1,1,313,241,6,2026-04-15T02:28:01.2453579Z
sshnet/SSH.NET,1672,Huge,1,1,209,124,9,2026-04-15T02:27:56.5920893Z
sshnet/SSH.NET,1673,Huge,1,1,100,0,4,2026-04-15T02:28:00.2452011Z
sshnet/SSH.NET,1702,Medium,0,1,118,81,3,2026-04-15T02:27:58.1531087Z
sshnet/SSH.NET,1704,Small,1,1,62,0,4,2026-04-15T02:27:57.3426157Z
sshnet/SSH.NET,1706,Small,1,1,51,34,4,2026-04-15T02:27:59.0048501Z
sshnet/SSH.NET,1711,Tiny,1,1,0,0,0,2026-04-15T15:30:07.8503793Z
sshnet/SSH.NET,1712,Small,1,1,50,42,2,2026-04-15T15:30:13.9368496Z
sshnet/SSH.NET,1716,Medium,1,1,308,8,6,2026-04-15T15:30:09.3458629Z
sshnet/SSH.NET,1721,Huge,1,1,54,7,5,2026-04-15T15:30:06.9665156Z
sshnet/SSH.NET,1733,Medium,0,1,77,0,3,2026-04-15T15:30:05.6543363Z
sshnet/SSH.NET,1772,Small,1,1,9,0,1,2026-04-15T02:27:55.3509408Z
xunit/xunit,2878,Medium,1,1,133,0,7,2026-04-15T15:30:26.3403849Z
xunit/xunit,2884,Tiny,0,1,7,0,1,2026-04-15T02:28:11.3441956Z
xunit/xunit,3376,Tiny,0,1,0,0,0,2026-04-15T02:28:05.6791775Z
xunit/xunit,3510,Tiny,1,1,8,0,1,2026-04-15T15:30:15.3061167Z
xunit/xunit,3523,Large,1,1,35,0,3,2026-04-15T02:28:04.9378869Z
zzzprojects/html-agility-pack,502,Tiny,0,1,9,0,1,2026-04-15T02:28:14.4666387Z
zzzprojects/html-agility-pack,509,Small,1,1,84,9,6,2026-04-15T02:28:12.8994526Z
